Workbook

Sheet Sheet1
A1: 姓名 | B1: 职能小组 | C1: 平行小组 | D1: 身份 | E1: 文寄四海 | F1: 次数 | G1: 分数（干事1.5/次；职委0.5/次） | H1: 招商 | I1: 次数 | J1: 分数 | K1: 例会（职委) | L1: 职能小组（学员） | M1: 总分计算
A2: 李唐柏 | B2: 福利组 | C2: 锦彰合鸣 | D2: 学员 | F2: 4 | G2: 6 | I2: 2 | J2: 16 | K2: 0 | L2: =VLOOKUP(A2,Sheet2!A$2:B$57,2,FALSE) -> 98 | M2: =G2+J2+K2+L2*0.36 -> 57.28
A3: 余开乐 | B3: 秘书组 | C3: 锦彰合鸣 | D3: 学员 | F3: 5 | G3: 7.5 | I3: 4 | J3: 30 | K3: 0 | L3: =VLOOKUP(A3,Sheet2!A$2:B$57,2,FALSE) -> 99 | M3: =G3+J3+K3+L3*0.36 -> 73.14
A4: 刘艾歆 | B4: 内建组 | C4: 锦彰合鸣 | D4: 学员 | F4: 4 | G4: 6 | I4: 0 | J4: 0 | K4: 0 | L4: =VLOOKUP(A4,Sheet2!A$2:B$57,2,FALSE) -> 90 | M4: =G4+J4+K4+L4*0.36 -> 38.4
A5: 杨逸涵 | B5: 内建组 | C5: 锦彰合鸣 | D5: 学员 | F5: 4 | G5: 6 | I5: 0 | J5: 0 | K5: 0 | L5: =VLOOKUP(A5,Sheet2!A$2:B$57,2,FALSE) -> 90.5 | M5: =G5+J5+K5+L5*0.36 -> 38.58
A6: 李旭言 | B6: 通联组 | C6: 锦彰合鸣 | D6: 学员 | F6: 1 | G6: 1.5 | I6: 0 | J6: 0 | K6: 0 | L6: =VLOOKUP(A6,Sheet2!A$2:B$57,2,FALSE) -> 90.67 | M6: =G6+J6+K6+L6*0.36 -> 34.1412
A7: 姜雨含 | B7: 宣传组 | C7: 锦彰合鸣 | D7: 学员 | F7: 3 | G7: 4.5 | I7: 0 | J7: 0 | K7: 0 | L7: =VLOOKUP(A7,Sheet2!A$2:B$57,2,FALSE) -> 86 | M7: =G7+J7+K7+L7*0.36 -> 35.46
A8: 田依可 | B8: 宣传组 | C8: 锦彰合鸣 | D8: 学员 | F8: 1 | G8: 1.5 | I8: 0 | J8: 0 | K8: 0 | L8: =VLOOKUP(A8,Sheet2!A$2:B$57,2,FALSE) -> 91 | M8: =G8+J8+K8+L8*0.36 -> 34.26
A9: 赵思彤 | B9: 福利组 | C9: 瑾耀南天 | D9: 学员 | F9: 1 | G9: 1.5 | I9: 0 | J9: 0 | K9: 0 | L9: =VLOOKUP(A9,Sheet2!A$2:B$57,2,FALSE) -> 95 | M9: =G9+J9+K9+L9*0.36 -> 35.7
A10: 周子轩 | B10: 秘书组 | C10: 瑾耀南天 | D10: 学员 | F10: 4 | G10: 6 | I10: 0 | J10: 0 | K10: 0 | L10: =VLOOKUP(A10,Sheet2!A$2:B$57,2,FALSE) -> 98 | M10: =G10+J10+K10+L10*0.36 -> 41.28
A11: 王淳 | B11: 内建组 | C11: 瑾耀南天 | D11: 学员 | F11: 4 | G11: 6 | I11: 0 | J11: 0 | K11: 0 | L11: =VLOOKUP(A11,Sheet2!A$2:B$57,2,FALSE) -> 95.5 | M11: =G11+J11+K11+L11*0.36 -> 40.38
A12: 蔡美雯 | B12: 通联组 | C12: 瑾耀南天 | D12: 学员 | F12: 2 | G12: 3 | I12: 0 | J12: 0 | K12: 0 | L12: =VLOOKUP(A12,Sheet2!A$2:B$57,2,FALSE) -> 96 | M12: =G12+J12+K12+L12*0.36 -> 37.56
A13: 齐婕然 | B13: 宣传组 | C13: 瑾耀南天 | D13: 学员 | F13: 1 | G13: 1.5 | I13: 0 | J13: 0 | K13: 0 | L13: =VLOOKUP(A13,Sheet2!A$2:B$57,2,FALSE) -> 84 | M13: =G13+J13+K13+L13*0.36 -> 31.74
... A57: 杨婉芝 | B57: 通联组 | C57: 种子轩手 | D57: 学员 | F57: 4 | G57: 6 | I57: 0 | J57: 0 | K57: 0 | L57: =VLOOKUP(A57,Sheet2!A$2:B$57,2,FALSE) -> 94 | M57: =G57+J57+K57+L57*0.36 -> 39.84
A58: 侯锦涵 | B58: 福利组 | C58: 锦彰合鸣 | D58: 职委 | F58: 2 | G58: 1 | I58: 组员6次 | J58: 3 | K58: 5 | L58: 0 | M58: =G58+J58+K58+L58*0.36 -> 9
A59: 马彰骏吉 | B59: 秘书组 | C59: 锦彰合鸣 | D59: 职委 | F59: 2 | G59: 1 | I59: 组员6次 | J59: 3 | K59: 5 | L59: 0 | M59: =G59+J59+K59+L59*0.36 -> 9
A60: 南斐诚 | B60: 秘书组 | C60: 瑾耀南天 | D60: 职委 | F60: 2 | G60: 1 | I60: 0 | J60: 0 | K60: 5 | L60: 0 | M60: =G60+J60+K60+L60*0.36 -> 6
A61: 周瑾祺 | B61: 宣传组 | C61: 瑾耀南天 | D61: 职委 | F61: 2 | G61: 1 | I61: 0 | J61: 0 | K61: 5 | L61: 0 | M61: =G61+J61+K61+L61*0.36 -> 6
A62: 赵陈星 | B62: 福利组 | C62: 流星屿 | D62: 职委 | F62: 2 | G62: 0 | I62: 0 | J62: 0 | K62: 5 | L62: 0 | M62: =G62+J62+K62+L62*0.36 -> 5
A63: 蔡屿阳 | B63: 通联组 | C63: 流星屿 | D63: 职委 | F63: 0 | G63: 0 | I63: 0 | J63: 0 | K63: 5 | L63: 0 | M63: =G63+J63+K63+L63*0.36 -> 5
A64: 曹乐敏 | B64: 内建组 | C64: 甜甜可乐 | D64: 职委 | F64: 4 | G64: 2 | I64: 组员1次 | J64: 0.5 | K64: 5 | L64: 0 | M64: =G64+J64+K64+L64*0.36 -> 7.5
A65: 李翔天 | B65: 通联组 | C65: 甜甜可乐 | D65: 职委 | F65: 0 | G65: 0 | I65: 组员1次 | J65: 0.5 | K65: 5 | L65: 0 | M65: =G65+J65+K65+L65*0.36 -> 5.5
A66: 赵雪茜 | B66: 福利组 | C66: 雪顶咖飞 | D66: 职委 | F66: 2 | G66: 1 | I66: 0 | J66: 0 | K66: 5 | L66: 0 | M66: =G66+J66+K66+L66*0.36 -> 6
A67: 昝飞宇 | B67: 通联组 | C67: 雪顶咖飞 | D67: 职委 | F67: 0 | G67: 0 | I67: 0 | J67: 0 | K67: 5 | L67: 0 | M67: =G67+J67+K67+L67*0.36 -> 5
A68: 徐凡杰 | B68: 内建组 | C68: 易如凡张 | D68: 职委 | F68: 2 | G68: 1 | I68: 0 | J68: 0 | K68: 5 | L68: 0 | M68: =G68+J68+K68+L68*0.36 -> 6
A69: 张旬 | B69: 宣传组 | C69: 易如凡张 | D69: 职委 | F69: 2 | G69: 1 | I69: 0 | J69: 0 | K69: 5 | L69: 0 | M69: =G69+J69+K69+L69*0.36 -> 6
A70: 魏宇兮 | B70: 秘书组 | C70: 宇园葡萄 | D70: 职委 | F70: 3 | G70: 1.5 | I70: 组员7次 | J70: 3.5 | K70: 5 | L70: 0 | M70: =G70+J70+K70+L70*0.36 -> 10
A71: 朱园园 | B71: 内建组 | C71: 宇园葡萄 | D71: 职委 | F71: 1 | G71: 0.5 | I71: 组员7次 | J71: 3.5 | K71: 5 | L71: 0 | M71: =G71+J71+K71+L71*0.36 -> 9
A72: 周雨轩 | B72: 内建组 | C72: 种子轩手 | D72: 职委 | F72: 3 | G72: 1.5 | I72: 0 | J72: 0 | K72: 5 | L72: 0 | M72: =G72+J72+K72+L72*0.36 -> 6.5
A73: 杨子润 | B73: 宣传组 | C73: 种子轩手 | D73: 职委 | F73: 1 | G73: 0.5 | I73: 0 | J73: 0 | K73: 5 | L73: 0 | M73: =G73+J73+K73+L73*0.36 -> 5.5

Sheet Sheet2
A1: 姓名 | B1: 总分
A2: 吴心洋 | B2: 81.5
A3: 吴沁泽 | B3: 94
A4: 李林希 | B4: 90
A5: 刘艾歆 | B5: 90
A6: 霍恩希 | B6: 94
A7: 王淳 | B7: 95.5
A8: 王清平 | B8: 79.5
A9: 任予歆 | B9: 89.5
A10: 杨海粟 | B10: 99.5
A11: 吴亦杰 | B11: 89.5
A12: 杨逸涵 | B12: 90.5
A13: 袁康哲 | B13: 90
... A57: 任泽楷 | B57: 83

Sheet Sheet3
A1: 姓名 | B1: 身份 | C1: 总分
A2: 蔡美雯 | B2: 学员 | C2: 37.56
A3: 蔡屿阳 | B3: 职委 | C3: 5
A4: 曹乐敏 | B4: 职委 | C4: 7.5
A5: 陈冠淇 | B5: 学员 | C5: 32.6412
A6: 陈希 | B6: 学员 | C6: 59.14
A7: 管洋 | B7: 学员 | C7: 35.28
A8: 洪如玥 | B8: 学员 | C8: 53.26
A9: 侯锦涵 | B9: 职委 | C9: 9
A10: 胡宁 | B10: 学员 | C10: 34.2
A11: 胡心悦 | B11: 学员 | C11: 36.96
A12: 霍恩希 | B12: 学员 | C12: 33.84
A13: 江欣乔 | B13: 学员 | C13: 32.4
... A73: 朱园园 | B73: 职委 | C73: 9
